Company_Name,Company_Address,Company_Contact_Number,Company_Fax,Company_Email,Company_Website,Company_Location,Company_Department_Name,Company_Office_Name
BAJAJ,PUNE-411006,206602677,20660267,bajaj@gmail.com,www.bajaj.com,PUNE,VEHICLE,"HEAD QUARTERS"
BHARATHI,BENGALORE-50037,4901022,209876,bharathi@gmail.com,www.bharathi.com,BENGALORE,VEHICLE,"SUB BRANCH"
CHOLA,CHENNAI-600001,4849458,743847,chola@gmail.com,www.chola.com,CHENNAI,VEHCILE,MARINA
"HDFC ERGO",MUMBAI-400020,78374843,83748,hdfc@gmail.com,www.hdfc.com,MUMBAI,VEHICLE,"GATE WAY"
ICICI,MUMBAI-400064,654536,465546,icici@gmail.com,www.icici.com,MUMBAI,VEHICLE,"MAIN BRANCH"
KOTAK,MUMBAI-4000,78785783,35784,kotak@gmail.com,www.kotak.com,MUMBAI,VEHICLE,"MUMBAI BRANCH"
"L AND T",HYDERBAD-40023,2324949,349885,landt@gmail.com,www.landt.com,HYDERBAD,VEHICLE,"MAIN BRANCH"
LIBERTY,MUMBAI-400013,8743483,834348,liberty@gmail.com,www.liberty.com,MUMBAI,VEHICLE,"SUB BRANCH"
MAGMA,KOLKATA-70016,7487358,49835,magma@gmail.com,www.magma.com,KOLKATA,VEHICLE,"KOLKATA OFFICE"
NATIONAL,DELHI-47585,8539853,48483,national@gmail.com,www.national.com,DELHI,VEHICLE,"DELHI BRANCH"
ORIENTAL,CHENNAI-23398,782827,27827,oreintal@gmail.com,www.oriental.com,CHENNAI,VEHICLE,"MADRAS BRANCH"
RELIANCE,MUMBAI-23877,83444839,43457,reliance@gmai.com,www.reliance.com,MUMBAI,VEHICLE,"MAIN BRANCH"
ROYAL,DELHI-600097,83487378,448558,royal@gmail.com,wwww.royal.com,DELHI,VEHICLE,"DELHI BRANCH"
SBI,MUMBAI-400644,843875,483984,sbi@gmail.com,www.sbi.com,MUMBAI,VEHICLE,"MUMBAI BRANCH"
SHRIRAM,NAGPUR-49933,392039,384984,shriram@gmail.com,www.shriram.com,NAGPUR,VEHICLE,"HEAD OFFICE"
TATA,MUMBAI-400013,748347,4934,tata@gmail.com,www.tata.com,MUMBAI,VEHICLE,"MAIN MUMBAI"
"UNITED INDIA",VIJAYAWADA-50023,48498948,343455,united@gmail.com,www.united.com,VIJAYAWADA,VEHICLE,"MAIN OFFICE"
UNIVERSAL,PUNE-41166,78374385,38274,universal@gmail.com,www.universal.com,PUNE,VEHICLE,"SUB OFFICE"
