Cust_Id,Cust_FName,Cust_LName,Cust_DOB,Cust_Gender,Cust_Address,Cust_MOB_Number,Cust_Email,Cust_Passport_Number,Cust_Marital_Status,Cust_PPS_Number
17133289,Anjuru,Lokesh,2001-03-01,M,"5-204,venkatagiri,Ap",63030098,lokeshanjuru8885,NULL,single,NULL
17133290,Chodavarap,Avinash,2001-03-01,M,"16-205,kakinada,Ap",96034264,avinashiniiitdwd,NULL,single,NULL
17133291,Geetha,krishna,2001-03-01,M,"14-516,puttur,Ap",93815314,diddigeethakrishna,NULL,single,NULL
17133292,Arepally,Aditya,2001-03-01,M,"16-205,kakinada,Ap",96034264,avinashiniiitdwd,NULL,single,NULL
17133293,Godina,Pranav,2000-03-09,M,"36-5,Kadapa,Ap",81878149,godinapranav,NULL,single,NULL
17133294,Nikitha,kallakuri,1999-05-28,F,"36-1,Batnavilli,Ap",91865432,nikithakk,NULL,single,NULL
17133296,Golla,Bhanu,1998-03-06,M,"3-5,chennai,TN",88149467,Bhanu456,NULL,single,NULL
17133297,Dudi,Sruthi,1990-06-19,F,"6-5,Banglore,KN",87814637,sruthi1642,NULL,Married,NULL
17133298,Lolla,kalyani,2002-07-09,F,"354-51,Puri,Odisha",87564926,kalyanilolla,NULL,single,NULL
17133299,Bogula,Rajesh,1990-08-19,M,"361-5,Munnar,Kr",98654321,Rajeshgundebogula,NULL,Married,NULL
17133300,Sri,Lavanya,1994-11-09,F,"35-1,Raipur,CG",64926845,lovelylavanya,NULL,Married,NULL
17133301,Meruva,Venkat,1999-01-30,M,"5-1,Dwaraka,Gj",68453214,venkatmeruva,NULL,Single,NULL
17133302,Sri,Navya,2002-03-24,F,"25-324,Agra,UP",96068455,Navya21143,NULL,Single,NULL
17133303,Grandi,Surya,2000-09-13,M,"5-541,Ludhiana,Pb",95321464,suryagrandi,NULL,Single,NULL
17133304,Marcus,Paul,1989-10-30,M,"546-128,Shimla,HP",68445464,paulmarcus,NULL,Married,NULL
17133305,Datla,Raju,1979-12-23,M,"55-1,Im,Manipur",84543214,rajudatla156,NULL,Married,NULL
17133306,Lasya,Sahithi,1976-01-24,F,"24-6,Patna,Bihar",99883355,lasyasahithidindigal,NULL,Married,NULL
17133307,Vijay,Velduti,1985-09-03,M,"54-12,Dwaraka,Gj",85204963,vijayvelduti,NULL,Married,NULL
17133308,Sri,Tejaswini,1987-01-22,F,"25-51,Dhimapur,NL",94531214,tejaswiveluduti,NULL,Married,NULL
17133309,Anitha,s,2001-10-30,F,"55-1,Agra,UP",94543234,ankithasch,NULL,Single,NULL
17133310,Meruva,Akhila,1992-05-26,F,"545-1,Ladakh,J&K",90143214,akhilameruva,NULL,Marrried,NULL
17133311,JRD,Tata,1904-07-29,M,"5-1,Bombay,MH",85201401,"jrdtata ",NULL,Marrried,NULL
17133312,M,Gopinath,1935-11-13,M,"845-25,UP",96325187,mgopinath,NULL,Marrried,NULL
17133313,Vijay,Maliya,1965-09-05,M,"8-25,MP",65470892,vijaymalia,NULL,Marrried,NULL
