Incident_Report_Id,Incident_Type,Incident_Inspector,Incident_Cost,Incident_Report_Description,Incident_Id,Cust_Id
REF11234,ACCIDENT,RATHODE,90000,NULL,1234JKL,17133298
REF11235,technical,ADITYA,50000,"Suicidal attempt by the person",1298QWE,17133299
REF11236,NULL,RATHODE,10000,"TALKING ON PHONE WHILE DRIVING",1265POA,17133300
REF11237,ACCIDENT,NULL,20000,"DIRECT COLLISION WITH TREE BESIDE THE ROAD",7654DFG,17133301
REF11238,PERSONAL,GEETHA,50000,NULL,7654BNM,17133302
REF11239,NULL,NIKHIL,100000,OVERTAKING,7631WAD,17133303
REF11240,collision,DAYA,340000,OVERSPEEDING,1234LMN,17133304
REF11241,Complicate,NULL,40000,"ROAD CROSSING",3456ABC,17133305
REF11242,Complicate,"RAMA CHANDER",100000,NULL,3678ABD,17133306
REF11243,NULL,PRATAP,360000,"UNFORTUNATELY IN THE PROCESS OF GIVING WAY TO AMBULANCE MET WITH AN ACCIDENT",7894ASD,17133307
REF11244,TOWING,NULL,467800,NULL,3987HJK,17133308
REF11245,normal,DAYA,590000,"NOT WEARING SEAT BELT WHILE DRIVING",4561XYZ,17133308
REF11246,NULL,"RAMA CHANDRA",100000,"OVERTAKING FROM LEFT SIDE",7631WAD,17133309
REF11247,drunken,NULL,150000,"HEAVILY INJURED BY THE VEHICLE",8971RTY,17133310
REF11248,ACCIDENT,"KRISHNA MANOHAR",234000,"RASH DRIVING",3456REW,17133289
REF11249,COLLISION,LOKESH,256000,"LACK OF AIR BAGS IN CAR",1023FGD,17133290
REF11250,"SPOT DEAD",SHIVAMANI,230000,NULL,3456ERQ,17133291
