Agreement_id,Application_Id,Cust_Id,Coverage_Id,Company_Name
SADW,UR7845RU0,17133303,AABA,SBI
DSWA,YH96314UG,17133301,ABZY,BHARATHI
LKJHG,78AUD85206,17133305,ACZX,ORIENTAL
ASDFG,49634IOUR4,17133294,AZBY,"UNITED INDIA"
QWER,831LO143VE,17133309,BBAB,MAGMA
POIUY,8671AUTO03,17133297,CDDC,CHOLA
BHFD,831LO143VE,17133309,CLGG,NATIONAL
QWERTY,8596RU14OG,17133308,DELL,"HDFC ERGO"
MLPOI,CAD852094,17133306,GOVT,RELIANCE
MNBVC,88514CAR4,17133293,HMMK,UNIVERSAL
ASDW,CQA85644OU,17133310,LLOY,ICICI
WDVB,8671AUTO03,17133297,OKAY,ROYAL
ZXCVB,954RG24UY,17133298,PRIV,TATA
QSXZ,CAR8547390,17133296,SARE,BAJAJ
