Membership_Id,Membership_Type,Organisation_Contact,Cust_Id
12AL5748,Member,ph-9704474356,17133289
13LP8764,Ass.Member,"HP GAS,Venkatagiri",17133302
21ER5834,Fellow,ph-630300986,17133305
34KY8347,"Honorary Fellow","17-171,Raja street",17133292
43HU7439,Fellow,Ph_8976453647,17133297
43HY9672,Ass.Member,ph-9493110494,17133294
52DT6754,Fellow,"15-764,hyderabad",17133301
56OP3572,Member,"5-204,venkatagiri",17133291
65LO8765,Honorary,"43_987,Nalgonda",17133303
65PL8934,Ass.Member,Ph-8978546321,17133296
89MN4632,Member,Ph-6564636286,17133290
97BJ7857,Honorary,"16-654,kakinada",17133298
