Nok_Id,Nok_Name,Nok_Address,Nok_Phone_Number,Nok_Gender,Nok_Marital_Status,Agreement_id,Application_Id,Cust_Id
ASJ8551,Srinu,"36-1,Batnavilli,Ap",725424155,M,Married,ASDFG,49634IOUR4,17133294
EHF4815,"Datla Uma","55-1,Imphal,MP",925454470,M,Married,LKJHG,78AUD85206,17133305
HFDJG85,Venkat,"545-1,Ladakh,J&K",725456440,M,Single,ASDW,CQA85644OU,17133310
HFDJG86,Deepthi,"5-1,Dwaraka,Gj",925446440,F,Single,DSWA,YH96314UG,17133301
HUDIW56,Akhil,"3-5,chennai,TN",641521521,M,Single,QSXZ,CAR8547390,17133296
IKSD652,"Dhatri Prakruthi","24-6,Patna,Bihar",897128412,F,Single,MLPOI,CAD852094,17133306
LUVU143,Avinash,"55-1,Agra,UP",851455214,M,Single,QWER,831LO143VE,17133309
LUVU831,Avinash,"55-1,Agra,UP",851455214,M,Single,BHFD,831LO143VE,17133309
ONVS480,Pranav,"36-5,Kadapa,Ap",81878149,M,Single,MNBVC,88514CAR4,17133293
UIHE454,Viswanadh,"6-5,Banglore,Kr",81878147,M,Single,POIUY,8671AUTO03,17133297
