Office_Name,Office_Leader,Contact_Information,Address,Admin_Cost,Staff,Department_Name,Company_Name
"AGRA OFFICE",GEETHA,PH-48348347,"OPP TAJ MAHAL",250000,"HEAD OF DEPARTMENT MANAGES WORK",VEHICLE,RELIANCE
"BENGALURU OFFICE",TARAK,PH-2878743,"IISC ROAD",1234500,NULL,TRAVEL,LIBERTY
"BHOPAL OFFICE",BHAVYA,PH-3823877,"BESIDE IIITBHOPAL",235000,"SUB ORDINATE UNDER MANAGER",HOME,SBI
"CHENNAI OFFICE",VIJAY,PH-38748347,"MARINA OPP",450000,"HEAD CEO",TRAVEL,SHRIRAM
"DHARWAD AREA",SUDEEP,PH-287387,"SHIRUR PARK",125000,EMPLOYEE,HOME,ICICI
"GOA OFFICE",VASCO,PH-8748347,"FRENCH COLONY",980000,"2ND GRADE STAFF UNDER MAANGER",PET,NATIONAL
"HYDERBAD OFFICE",CHANDRA,PH-832738,CYBERABAD,650000,NULL,PET,TATA
"NELLORE AP",LOKESH,PH-9834848,VENKATAGIRI,2387900,NULL,LIFE,CHOLA
"NOIDA OFFICE",MODI,PH-38748743,"BESIDE PMO",70000,NULL,HEALTH,ORIENTAL
"PATNA OFFICE",SRIKAR,PH-2878367,"BESIDE IIT",9800005,MANAGER,VEHICLE,KOTAK
"TIRUPATI AP",AVINASH,PH-37847834,"OPP TEMPLE",478000,NULL,LIFE,ROYAL
"VIJAYAWADA AP",VENKAT,PH-87486347,PORANKI,100000,MANAGER,HEALTH,BAJAJ
"VIZAG AP",ANU,PH-67467236,"NAD JUNCTION",200000,MANAGER,VEHICLE,BHARATHI
