Policy_Renewable_Id,Date_Of_Renewal,Type_Of_Renewal,Agreement_id,Application_Id,Cust_Id
BAAHS,2020-09-03,YEARLY,MNBVC,88514CAR4,17133293
BRAIS,2020-10-10,MONTHLY,ASDFG,49634IOUR4,17133294
DEULL,2001-07-22,YEARLY,BHFD,831LO143VE,17133309
HAYPP,2005-05-20,MONTHLY,WDVB,8671AUTO03,17133297
IPONE,2020-10-10,MONTHLY,SADW,UR7845RU0,17133303
LONES,2020-05-19,MONTHLY,QWERTY,8596RU14OG,17133308
LOWWD,2020-06-03,YEARLY,ASDW,CQA85644OU,17133310
PONEX,2020-10-21,MONTHLY,QSXZ,CAR8547390,17133296
POPPO,2020-10-25,MONTHLY,MLPOI,CAD852094,17133306
PORAA,2003-10-30,MONTHLY,POIUY,8671AUTO03,17133297
RELME,1999-09-20,YEARLY,LKJHG,78AUD85206,17133305
REMID,2009-04-17,YEARLY,ZXCVB,954RG24UY,17133298
SAMSU,2020-08-05,YEARLY,DSWA,YH96314UG,17133301
SODNS,2002-12-23,YEARLY,QWER,831LO143VE,17133309
