Cust_Id,Cust_FName,Cust_LName,Cust_DOB,Cust_Gender,Cust_Address,Cust_MOB_Number,Cust_Email,Cust_Passport_Number,Cust_Marital_Status,Cust_PPS_Number,Vehicle_Id,Policy_Id,Dependent_NOK_Id,Vehicle_Registration_Number,Vehicle_Value,Vehicle_Type,Vehicle_Size,Vehicle_Number_Of_Seat,Vehicle_Manufacturer,Vehicle_Engine_Number,Vehicle_Chasis_Number,Vehicle_Number,Vehicle_Model_Number,Cust_Id
17133293,Godina,Pranav,09-03-2000,M,"36-5,Kadapa,Ap",81878149,godinapranav,NULL,single,NULL,852065,62646,9877,AP 10 DA 7531,97000,car,180,6,Toyato,741963,963852741,753951,AI86D6,17133293
17133296,Golla,Bhanu,06-03-1998,M,"3-5,chennai,TN",88149467,Bhanu456,NULL,single,NULL,746982,62648,9879,TN 11 CD 7309,99000,car,200,7,Toyato,329751,431492856,301254,V1EE73,17133296
17133306,Lasya,Sahithi,24-01-1976,F,"24-6,Patna,Bihar",99883355,lasyasahithidindigal,NULL,Married,NULL,741358,62658,9889,BR 07 YA 7740,852014,car,180,6,Wagnor,954782,210453014,810457,EK46UE,17133306
17133310,Meruva,Akhila,26-05-1992,F,"545-1,Ladakh,J&K",90143214,akhilameruva,NULL,Marrried,NULL,152471,62662,9893,JK 01 OG 8504,100008,auto,120,4,Piago,970180,546987320,620410,BY698U,17133310
17133294,Nikitha,kallakuri,28-05-1999,F,"36-1,Batnavilli,Ap",91865432,nikithakk,NULL,single,NULL,185246,62647,9878,AP 05 OA 6310,98000,auto,120,4,Piago,963753,741852963,754956,O5E346,17133294
17133301,Meruva,Venkat,30-01-1999,M,"5-1,Dwaraka,Gj",68453214,venkatmeruva,NULL,Single,NULL,741963,62653,9884,GJ 14 DP 8510,100202,car,180,5,BMW,520639,964175236,951742,VI65C5,17133301
17133303,Grandi,Surya,13-09-2000,M,"5-541,Ludhiana,Pb",95321464,suryagrandi,NULL,Single,NULL,749852,62655,9886,PJ 09 VI 1400,100020,van,280,10,Tata,203541,789412565,753149,BF478U,17133303
